{
  "NoR": {
    "EM": 0.34,
    "F1": 0.4111601731601731,
    "Acc": 0.34,
    "Recall": 0.0
  },
  "Vanilla_RAG": {
    "EM": 0.34,
    "F1": 0.3994832535885168,
    "Acc": 0.34,
    "Recall": 0.275
  },
  "Vanilla_QE": {
    "EM": 0.28,
    "F1": 0.3296217948717949,
    "Acc": 0.28,
    "Recall": 0.255
  },
  "KG_Infused_RAG": {
    "EM": 0.6,
    "F1": 0.6812126436781609,
    "Acc": 0.6,
    "Recall": 0.22
  }
}