{
  "NoR": {
    "EM": 0.36,
    "F1": 0.4423506493506493,
    "Acc": 0.36,
    "Recall": 0.0
  },
  "Vanilla_RAG": {
    "EM": 0.36,
    "F1": 0.4192727272727273,
    "Acc": 0.36,
    "Recall": 0.30833333333333335
  },
  "Vanilla_QE": {
    "EM": 0.3,
    "F1": 0.3518333333333333,
    "Acc": 0.3,
    "Recall": 0.2683333333333333
  },
  "KG_Infused_RAG": {
    "EM": 0.6,
    "F1": 0.6993333333333334,
    "Acc": 0.6,
    "Recall": 0.22
  }
}