{
  "NoR": {
    "em": 0.36,
    "f1": 0.41901960784313724
  },
  "1_Hop_GraphRAG": {
    "em": 0.16,
    "f1": 0.2793333333333333
  },
  "2_Hop_GraphRAG": {
    "em": 0.36,
    "f1": 0.4586959706959707
  }
}